{
  "Listar Vagas com filtro (REST)" : {
    "transaction" : "Listar Vagas com filtro (REST)",
    "sampleCount" : 50,
    "errorCount" : 0,
    "errorPct" : 0.0,
    "meanResTime" : 66.53999999999998,
    "medianResTime" : 63.0,
    "minResTime" : 55.0,
    "maxResTime" : 99.0,
    "pct1ResTime" : 82.0,
    "pct2ResTime" : 85.89999999999999,
    "pct3ResTime" : 99.0,
    "throughput" : 10.315659170621004,
    "receivedKBytesPerSec" : 11438.756415050546,
    "sentKBytesPerSec" : 2.7300230812873942
  },
  "Total" : {
    "transaction" : "Total",
    "sampleCount" : 200,
    "errorCount" : 0,
    "errorPct" : 0.0,
    "meanResTime" : 56.18499999999998,
    "medianResTime" : 64.5,
    "minResTime" : 5.0,
    "maxResTime" : 125.0,
    "pct1ResTime" : 85.9,
    "pct2ResTime" : 95.89999999999998,
    "pct3ResTime" : 116.97000000000003,
    "throughput" : 39.95205753096284,
    "receivedKBytesPerSec" : 29830.63878033859,
    "sentKBytesPerSec" : 10.875621129644426
  },
  "Listar Vagas com filtro (GraphQL)" : {
    "transaction" : "Listar Vagas com filtro (GraphQL)",
    "sampleCount" : 50,
    "errorCount" : 0,
    "errorPct" : 0.0,
    "meanResTime" : 6.46,
    "medianResTime" : 6.0,
    "minResTime" : 5.0,
    "maxResTime" : 13.0,
    "pct1ResTime" : 9.0,
    "pct2ResTime" : 9.0,
    "pct3ResTime" : 13.0,
    "throughput" : 10.515247108307046,
    "receivedKBytesPerSec" : 2.146178364879075,
    "sentKBytesPerSec" : 3.31682110935857
  },
  "Listar Vagas (REST)" : {
    "transaction" : "Listar Vagas (REST)",
    "sampleCount" : 50,
    "errorCount" : 0,
    "errorPct" : 0.0,
    "meanResTime" : 68.16000000000004,
    "medianResTime" : 65.5,
    "minResTime" : 57.0,
    "maxResTime" : 91.0,
    "pct1ResTime" : 81.0,
    "pct2ResTime" : 84.35,
    "pct3ResTime" : 91.0,
    "throughput" : 10.252204223908139,
    "receivedKBytesPerSec" : 11368.392934949765,
    "sentKBytesPerSec" : 2.2727054285421366
  },
  "Listar Vagas (GraphQL)" : {
    "transaction" : "Listar Vagas (GraphQL)",
    "sampleCount" : 50,
    "errorCount" : 0,
    "errorPct" : 0.0,
    "meanResTime" : 83.58,
    "medianResTime" : 79.0,
    "minResTime" : 68.0,
    "maxResTime" : 125.0,
    "pct1ResTime" : 105.39999999999999,
    "pct2ResTime" : 115.35,
    "pct3ResTime" : 125.0,
    "throughput" : 10.347682119205299,
    "receivedKBytesPerSec" : 7954.19452995654,
    "sentKBytesPerSec" : 2.970916545943709
  }
}