{
  "Listar Vagas com filtro (REST)" : {
    "transaction" : "Listar Vagas com filtro (REST)",
    "sampleCount" : 500,
    "errorCount" : 0,
    "errorPct" : 0.0,
    "meanResTime" : 15786.56000000001,
    "medianResTime" : 16317.5,
    "minResTime" : 2462.0,
    "maxResTime" : 21952.0,
    "pct1ResTime" : 19472.100000000002,
    "pct2ResTime" : 20176.7,
    "pct3ResTime" : 21607.800000000003,
    "throughput" : 10.70342937877296,
    "receivedKBytesPerSec" : 11868.74434725136,
    "sentKBytesPerSec" : 2.832645860983859
  },
  "Total" : {
    "transaction" : "Total",
    "sampleCount" : 2000,
    "errorCount" : 0,
    "errorPct" : 0.0,
    "meanResTime" : 11529.201500000001,
    "medianResTime" : 13215.0,
    "minResTime" : 6.0,
    "maxResTime" : 24436.0,
    "pct1ResTime" : 18546.5,
    "pct2ResTime" : 19615.649999999994,
    "pct3ResTime" : 21334.6,
    "throughput" : 38.017031630170315,
    "receivedKBytesPerSec" : 28385.83062164975,
    "sentKBytesPerSec" : 10.348874577060524
  },
  "Listar Vagas com filtro (GraphQL)" : {
    "transaction" : "Listar Vagas com filtro (GraphQL)",
    "sampleCount" : 500,
    "errorCount" : 0,
    "errorPct" : 0.0,
    "meanResTime" : 4231.756000000004,
    "medianResTime" : 3998.0,
    "minResTime" : 6.0,
    "maxResTime" : 13573.0,
    "pct1ResTime" : 9454.2,
    "pct2ResTime" : 10978.499999999998,
    "pct3ResTime" : 13139.360000000002,
    "throughput" : 16.294606485253382,
    "receivedKBytesPerSec" : 3.3257546439628483,
    "sentKBytesPerSec" : 5.139802631578948
  },
  "Listar Vagas (REST)" : {
    "transaction" : "Listar Vagas (REST)",
    "sampleCount" : 500,
    "errorCount" : 0,
    "errorPct" : 0.0,
    "meanResTime" : 10235.644,
    "medianResTime" : 9981.5,
    "minResTime" : 1545.0,
    "maxResTime" : 24160.0,
    "pct1ResTime" : 17063.9,
    "pct2ResTime" : 18973.85,
    "pct3ResTime" : 21333.280000000002,
    "throughput" : 17.292062943109112,
    "receivedKBytesPerSec" : 19174.70252247968,
    "sentKBytesPerSec" : 3.8332991094587587
  },
  "Listar Vagas (GraphQL)" : {
    "transaction" : "Listar Vagas (GraphQL)",
    "sampleCount" : 500,
    "errorCount" : 0,
    "errorPct" : 0.0,
    "meanResTime" : 15862.845999999992,
    "medianResTime" : 16153.0,
    "minResTime" : 2001.0,
    "maxResTime" : 24436.0,
    "pct1ResTime" : 19358.0,
    "pct2ResTime" : 20406.95,
    "pct3ResTime" : 21968.080000000005,
    "throughput" : 11.199211575505085,
    "receivedKBytesPerSec" : 8608.75956832639,
    "sentKBytesPerSec" : 3.21539863593603
  }
}