{
  "Listar Vagas com filtro (REST)" : {
    "transaction" : "Listar Vagas com filtro (REST)",
    "sampleCount" : 100,
    "errorCount" : 0,
    "errorPct" : 0.0,
    "meanResTime" : 528.79,
    "medianResTime" : 415.5,
    "minResTime" : 73.0,
    "maxResTime" : 1385.0,
    "pct1ResTime" : 1087.5000000000002,
    "pct2ResTime" : 1259.0499999999986,
    "pct3ResTime" : 1384.0899999999995,
    "throughput" : 16.020506247997435,
    "receivedKBytesPerSec" : 17764.70757569689,
    "sentKBytesPerSec" : 4.239801946491509
  },
  "Total" : {
    "transaction" : "Total",
    "sampleCount" : 400,
    "errorCount" : 0,
    "errorPct" : 0.0,
    "meanResTime" : 430.2300000000001,
    "medianResTime" : 343.5,
    "minResTime" : 5.0,
    "maxResTime" : 1595.0,
    "pct1ResTime" : 1055.8000000000002,
    "pct2ResTime" : 1262.8499999999995,
    "pct3ResTime" : 1457.96,
    "throughput" : 61.32147784761613,
    "receivedKBytesPerSec" : 45786.34914437376,
    "sentKBytesPerSec" : 16.692736279319334
  },
  "Listar Vagas com filtro (GraphQL)" : {
    "transaction" : "Listar Vagas com filtro (GraphQL)",
    "sampleCount" : 100,
    "errorCount" : 0,
    "errorPct" : 0.0,
    "meanResTime" : 26.380000000000003,
    "medianResTime" : 17.5,
    "minResTime" : 5.0,
    "maxResTime" : 236.0,
    "pct1ResTime" : 55.900000000000006,
    "pct2ResTime" : 77.69999999999993,
    "pct3ResTime" : 234.65999999999931,
    "throughput" : 16.025641025641026,
    "receivedKBytesPerSec" : 3.2708583733974357,
    "sentKBytesPerSec" : 5.054962940705128
  },
  "Listar Vagas (REST)" : {
    "transaction" : "Listar Vagas (REST)",
    "sampleCount" : 100,
    "errorCount" : 0,
    "errorPct" : 0.0,
    "meanResTime" : 523.0999999999999,
    "medianResTime" : 429.0,
    "minResTime" : 66.0,
    "maxResTime" : 1508.0,
    "pct1ResTime" : 1079.1000000000001,
    "pct2ResTime" : 1302.1,
    "pct3ResTime" : 1507.4599999999998,
    "throughput" : 16.77289500167729,
    "receivedKBytesPerSec" : 18599.011185424355,
    "sentKBytesPerSec" : 3.718210122442134
  },
  "Listar Vagas (GraphQL)" : {
    "transaction" : "Listar Vagas (GraphQL)",
    "sampleCount" : 100,
    "errorCount" : 0,
    "errorPct" : 0.0,
    "meanResTime" : 642.65,
    "medianResTime" : 592.0,
    "minResTime" : 112.0,
    "maxResTime" : 1595.0,
    "pct1ResTime" : 1203.0,
    "pct2ResTime" : 1395.8999999999996,
    "pct3ResTime" : 1594.9099999999999,
    "throughput" : 15.740594994490792,
    "receivedKBytesPerSec" : 12099.690844876437,
    "sentKBytesPerSec" : 4.51927239099638
  }
}