{
  "Listar Vagas com filtro (REST)" : {
    "transaction" : "Listar Vagas com filtro (REST)",
    "sampleCount" : 100,
    "errorCount" : 0,
    "errorPct" : 0.0,
    "meanResTime" : 504.75999999999993,
    "medianResTime" : 452.0,
    "minResTime" : 84.0,
    "maxResTime" : 1129.0,
    "pct1ResTime" : 951.8000000000003,
    "pct2ResTime" : 1017.1499999999999,
    "pct3ResTime" : 1128.7099999999998,
    "throughput" : 15.956598053295037,
    "receivedKBytesPerSec" : 17693.84150111696,
    "sentKBytesPerSec" : 4.222888742620073
  },
  "Total" : {
    "transaction" : "Total",
    "sampleCount" : 400,
    "errorCount" : 0,
    "errorPct" : 0.0,
    "meanResTime" : 425.2125000000001,
    "medianResTime" : 348.5,
    "minResTime" : 5.0,
    "maxResTime" : 1510.0,
    "pct1ResTime" : 956.4000000000002,
    "pct2ResTime" : 1126.5999999999997,
    "pct3ResTime" : 1408.7400000000002,
    "throughput" : 61.08735491753207,
    "receivedKBytesPerSec" : 45611.53870933873,
    "sentKBytesPerSec" : 16.62900408521686
  },
  "Listar Vagas com filtro (GraphQL)" : {
    "transaction" : "Listar Vagas com filtro (GraphQL)",
    "sampleCount" : 100,
    "errorCount" : 0,
    "errorPct" : 0.0,
    "meanResTime" : 31.30000000000002,
    "medianResTime" : 23.0,
    "minResTime" : 5.0,
    "maxResTime" : 175.0,
    "pct1ResTime" : 60.900000000000006,
    "pct2ResTime" : 90.79999999999973,
    "pct3ResTime" : 174.73999999999987,
    "throughput" : 16.03592046183451,
    "receivedKBytesPerSec" : 3.272956422386145,
    "sentKBytesPerSec" : 5.058205380051315
  },
  "Listar Vagas (REST)" : {
    "transaction" : "Listar Vagas (REST)",
    "sampleCount" : 100,
    "errorCount" : 0,
    "errorPct" : 0.0,
    "meanResTime" : 539.5199999999999,
    "medianResTime" : 443.5,
    "minResTime" : 80.0,
    "maxResTime" : 1496.0,
    "pct1ResTime" : 1014.0,
    "pct2ResTime" : 1182.6999999999998,
    "pct3ResTime" : 1495.1299999999997,
    "throughput" : 17.41856819369448,
    "receivedKBytesPerSec" : 19314.98078514196,
    "sentKBytesPerSec" : 3.8613427538756318
  },
  "Listar Vagas (GraphQL)" : {
    "transaction" : "Listar Vagas (GraphQL)",
    "sampleCount" : 100,
    "errorCount" : 0,
    "errorPct" : 0.0,
    "meanResTime" : 625.27,
    "medianResTime" : 572.5,
    "minResTime" : 129.0,
    "maxResTime" : 1510.0,
    "pct1ResTime" : 1164.3,
    "pct2ResTime" : 1367.1499999999996,
    "pct3ResTime" : 1509.86,
    "throughput" : 15.71832756994656,
    "receivedKBytesPerSec" : 12082.574023498899,
    "sentKBytesPerSec" : 4.5128792046526245
  }
}